Name,Gender,Impressions,Reach,Engagement,Followers
Olivia,Female,26442,317304,28107,13221
Emma,Female,13786,206790,21213,6893
Amelia,Female,16134,274278,15536,8067
Ava,Female,33923,542768,24981,16962
Sophia,Female,36622,439464,13136,18311
Charlotte,Female,17943,251202,16621,8972
Isabella,Female,33100,496500,25803,16550
Mia,Female,21098,295372,29913,10549
Luna,Female,35729,393019,22186,17865
Harper,Female,17991,251874,16070,8996
Gianna,Female,23336,396712,24141,11668
Evelyn,Female,37638,602208,15733,18819
Aria,Female,25368,507360,24408,12684
Ella,Female,36700,477100,19624,18350
Ellie,Female,14354,186602,28065,7177
Mila,Female,24312,486240,13464,12156
Layla,Female,24702,296424,18228,12351
Avery,Female,36624,659232,22999,18312
Camila,Female,37009,666162,19794,18505
Lily,Female,25929,440793,26342,12965
Scarlett,Female,33153,397836,29570,16577
Sofia,Female,10617,138021,14176,5309
Nova,Female,27195,326340,14720,13598
Aurora,Female,29647,385411,18676,14824
Chloe,Female,30733,553194,25907,15367
Riley,Female,21579,410001,17011,10790
Nora,Female,11522,218918,24116,5761
Hazel,Female,23666,402322,21725,11833
Abigail,Female,19602,313632,16038,9801
Rylee,Female,23725,355875,26312,11863
Penelope,Female,29724,564756,23178,14862
Elena,Female,18486,295776,22412,9243
Zoey,Female,22454,381718,19852,11227
Isla,Female,36402,618834,27155,18201
Eleanor,Female,12725,165425,26227,6363
Elizabeth,Female,35038,700760,26978,17519
Madison,Female,35886,681834,17511,17943
Willow,Female,17579,334001,25206,8790
Emilia,Female,10652,149128,19686,5326
Violet,Female,33994,407928,27619,16997
Emily,Female,25635,461430,24901,12818
Eliana,Female,20976,314640,24008,10488
Stella,Female,19583,215413,22901,9792
Maya,Female,22067,308938,23316,11034
Paisley,Female,12780,191700,13258,6390
Everly,Female,17911,250754,27450,8956
Addison,Female,15977,239655,18078,7989
Ryleigh,Female,35198,422376,17733,17599
Ivy,Female,19256,365864,21569,9628
Grace,Female,24506,490120,16102,12253
Liam,Female,17215,206580,25687,8608
Noah,Male,36297,399267,27820,18149
Oliver,Male,20400,367200,25609,10200
Elijah,Male,19873,397460,13345,9937
Lucas,Male,27189,462213,14984,13595
Levi,Male,27484,412260,13716,13742
Mason,Male,32242,451388,25530,16121
Asher,Male,15212,258604,18310,7606
James,Male,29442,382746,15879,14721
Ethan,Male,14977,239632,21813,7489
Mateo,Male,12777,178878,21518,6389
Leo,Male,10860,173760,23631,5430
Jack,Male,26029,494551,12937,13015
Benjamin,Male,24021,408357,23422,12011
Aiden,Male,18764,337752,23188,9382
Logan,Male,39936,798720,29368,19968
Grayson,Male,10018,110198,25337,5009
Jackson,Male,39270,549780,18095,19635
Henry,Male,13225,224825,21102,6613
Wyatt,Male,23398,280776,27972,11699
Sebastian,Male,34219,444847,29291,17110
Carter,Male,35345,600865,19219,17673
Daniel,Male,20085,220935,14803,10043
William,Male,29782,327602,17509,14891
Alexander,Male,14600,204400,23772,7300
